remote_path	local_relative_path	size_bytes	mtime_epoch
/mnt/usmidet/projects/GPO-IFV7XX/4-Checkout/ReSimAutoMng/CleanUp/Copy_Logs.sh	CleanUp/Copy_Logs.sh	1026	1785158021
/mnt/usmidet/projects/GPO-IFV7XX/4-Checkout/ReSimAutoMng/CleanUp/PostCopy_Zip.sh	CleanUp/PostCopy_Zip.sh	2046	1785158007
/mnt/usmidet/projects/GPO-IFV7XX/4-Checkout/ReSimAutoMng/CleanUp/resimCleanUp_generic.py	CleanUp/resimCleanUp_generic.py	7157	1785157963
/mnt/usmidet/projects/GPO-IFV7XX/4-Checkout/ReSimAutoMng/CleanUp/resimCleanUp_main.py	CleanUp/resimCleanUp_main.py	2879	1785155915
/mnt/usmidet/projects/GPO-IFV7XX/4-Checkout/ReSimAutoMng/Main/rResim_Gen7.sh	Main/rResim_Gen7.sh	1584	1778534512
/mnt/usmidet/projects/GPO-IFV7XX/4-Checkout/ReSimAutoMng/Main/rResim_VV.sh	Main/rResim_VV.sh	2003	1756187668
/mnt/usmidet/projects/GPO-IFV7XX/4-Checkout/ReSimAutoMng/Main/trig_pip.sh	Main/trig_pip.sh	1054	1786656108
/mnt/usmidet/projects/GPO-IFV7XX/4-Checkout/ReSimAutoMng/New/Shell/rResimVV_main.sh	New/Shell/rResimVV_main.sh	3273	1784465610
/mnt/usmidet/projects/GPO-IFV7XX/4-Checkout/ReSimAutoMng/New/Shell/rResim_main.sh	New/Shell/rResim_main.sh	7464	1786701190
/mnt/usmidet/projects/GPO-IFV7XX/4-Checkout/ReSimAutoMng/New/Shell/rResim_main_highPrio.sh	New/Shell/rResim_main_highPrio.sh	7472	1786701173
/mnt/usmidet/projects/GPO-IFV7XX/4-Checkout/ReSimAutoMng/New/Shell/splitter_highPrio.sh	New/Shell/splitter_highPrio.sh	20391	1787132861
/mnt/usmidet/projects/GPO-IFV7XX/4-Checkout/ReSimAutoMng/New/Support/PostProcessing/JB-min.py	New/Support/PostProcessing/JB-min.py	53655	1787000481
/mnt/usmidet/projects/GPO-IFV7XX/4-Checkout/ReSimAutoMng/New/Support/PostProcessing/JB_min_html.py	New/Support/PostProcessing/JB_min_html.py	5413	1786995915
/mnt/usmidet/projects/GPO-IFV7XX/4-Checkout/ReSimAutoMng/New/Support/PostProcessing/input_data.py	New/Support/PostProcessing/input_data.py	3069	1786972517
/mnt/usmidet/projects/GPO-IFV7XX/4-Checkout/ReSimAutoMng/New/Support/PostProcessing/mining_vv/VV_mining.py	New/Support/PostProcessing/mining_vv/VV_mining.py	13009	1756185178
/mnt/usmidet/projects/GPO-IFV7XX/4-Checkout/ReSimAutoMng/New/Support/PostProcessing/mining_vv/VV_staticdata.py	New/Support/PostProcessing/mining_vv/VV_staticdata.py	1936	1750852750
/mnt/usmidet/projects/GPO-IFV7XX/4-Checkout/ReSimAutoMng/New/Support/PostProcessing/pipeline_jsonCreator.py	New/Support/PostProcessing/pipeline_jsonCreator.py	22490	1786952350
/mnt/usmidet/projects/GPO-IFV7XX/4-Checkout/ReSimAutoMng/New/Support/PostProcessing/stats_mining.py	New/Support/PostProcessing/stats_mining.py	19265	1780992589
/mnt/usmidet/projects/GPO-IFV7XX/4-Checkout/ReSimAutoMng/New/Support/PostProcessing/support_files.txt	New/Support/PostProcessing/support_files.txt	2541	1784625043
/mnt/usmidet/projects/GPO-IFV7XX/4-Checkout/ReSimAutoMng/New/Support/Resim/resim_child.py	New/Support/Resim/resim_child.py	46203	1786805491
/mnt/usmidet/projects/GPO-IFV7XX/4-Checkout/ReSimAutoMng/New/Support/Resim/resim_generic.py	New/Support/Resim/resim_generic.py	12900	1786806528
/mnt/usmidet/projects/GPO-IFV7XX/4-Checkout/ReSimAutoMng/New/Support/Resim/resim_main.py	New/Support/Resim/resim_main.py	1312	1785742892
/mnt/usmidet/projects/GPO-IFV7XX/4-Checkout/ReSimAutoMng/New/Support/Resim/resim_splitter.py	New/Support/Resim/resim_splitter.py	34145	1786957843
/mnt/usmidet/projects/GPO-IFV7XX/4-Checkout/ReSimAutoMng/New/Support/Resim/resim_staticdata.py	New/Support/Resim/resim_staticdata.py	5824	1786972778
/mnt/usmidet/projects/GPO-IFV7XX/4-Checkout/ReSimAutoMng/New/Support/VV_Engine/VV_main.py	New/Support/VV_Engine/VV_main.py	8020	1772531589
/mnt/usmidet/projects/GPO-IFV7XX/4-Checkout/ReSimAutoMng/New/Support/VV_Engine/VV_mining.py	New/Support/VV_Engine/VV_mining.py	12966	1756182606
/mnt/usmidet/projects/GPO-IFV7XX/4-Checkout/ReSimAutoMng/New/Support/VV_Engine/VV_staticdata.py	New/Support/VV_Engine/VV_staticdata.py	1936	1750852750
/mnt/usmidet/projects/GPO-IFV7XX/4-Checkout/ReSimAutoMng/New/Support/VV_Engine/test_vv.txt	New/Support/VV_Engine/test_vv.txt	82	1756176352
/mnt/usmidet/projects/GPO-IFV7XX/4-Checkout/ReSimAutoMng/Shell/rResimVV_main.sh	Shell/rResimVV_main.sh	3273	1784465610
/mnt/usmidet/projects/GPO-IFV7XX/4-Checkout/ReSimAutoMng/Shell/rResim_main.sh	Shell/rResim_main.sh	7464	1786701190
/mnt/usmidet/projects/GPO-IFV7XX/4-Checkout/ReSimAutoMng/Shell/rResim_main_highPrio.sh	Shell/rResim_main_highPrio.sh	7472	1786701173
/mnt/usmidet/projects/GPO-IFV7XX/4-Checkout/ReSimAutoMng/Shell/splitter_highPrio.sh	Shell/splitter_highPrio.sh	21655	1787139684
/mnt/usmidet/projects/GPO-IFV7XX/4-Checkout/ReSimAutoMng/Support/PostProcessing/JB-min.py	Support/PostProcessing/JB-min.py	55784	1787652603
/mnt/usmidet/projects/GPO-IFV7XX/4-Checkout/ReSimAutoMng/Support/PostProcessing/JB_min_html.py	Support/PostProcessing/JB_min_html.py	5413	1786995915
/mnt/usmidet/projects/GPO-IFV7XX/4-Checkout/ReSimAutoMng/Support/PostProcessing/input_data.py	Support/PostProcessing/input_data.py	3069	1786972517
/mnt/usmidet/projects/GPO-IFV7XX/4-Checkout/ReSimAutoMng/Support/PostProcessing/mining_vv/VV_mining.py	Support/PostProcessing/mining_vv/VV_mining.py	13009	1756185178
/mnt/usmidet/projects/GPO-IFV7XX/4-Checkout/ReSimAutoMng/Support/PostProcessing/mining_vv/VV_staticdata.py	Support/PostProcessing/mining_vv/VV_staticdata.py	1936	1750852750
/mnt/usmidet/projects/GPO-IFV7XX/4-Checkout/ReSimAutoMng/Support/PostProcessing/pipeline_jsonCreator.py	Support/PostProcessing/pipeline_jsonCreator.py	22490	1786952350
/mnt/usmidet/projects/GPO-IFV7XX/4-Checkout/ReSimAutoMng/Support/PostProcessing/stats_mining.py	Support/PostProcessing/stats_mining.py	19265	1780992589
/mnt/usmidet/projects/GPO-IFV7XX/4-Checkout/ReSimAutoMng/Support/PostProcessing/support_files.txt	Support/PostProcessing/support_files.txt	2541	1784625043
/mnt/usmidet/projects/GPO-IFV7XX/4-Checkout/ReSimAutoMng/Support/Resim/resim_child.py	Support/Resim/resim_child.py	46203	1787641085
/mnt/usmidet/projects/GPO-IFV7XX/4-Checkout/ReSimAutoMng/Support/Resim/resim_generic.py	Support/Resim/resim_generic.py	12900	1786806528
/mnt/usmidet/projects/GPO-IFV7XX/4-Checkout/ReSimAutoMng/Support/Resim/resim_main.py	Support/Resim/resim_main.py	1312	1785742892
/mnt/usmidet/projects/GPO-IFV7XX/4-Checkout/ReSimAutoMng/Support/Resim/resim_splitter.py	Support/Resim/resim_splitter.py	35351	1787139787
/mnt/usmidet/projects/GPO-IFV7XX/4-Checkout/ReSimAutoMng/Support/Resim/resim_staticdata.py	Support/Resim/resim_staticdata.py	5465	1787641057
/mnt/usmidet/projects/GPO-IFV7XX/4-Checkout/ReSimAutoMng/Support/VV_Engine/VV_main.py	Support/VV_Engine/VV_main.py	8020	1772531589
/mnt/usmidet/projects/GPO-IFV7XX/4-Checkout/ReSimAutoMng/Support/VV_Engine/VV_mining.py	Support/VV_Engine/VV_mining.py	12966	1756182606
/mnt/usmidet/projects/GPO-IFV7XX/4-Checkout/ReSimAutoMng/Support/VV_Engine/VV_staticdata.py	Support/VV_Engine/VV_staticdata.py	1936	1750852750
/mnt/usmidet/projects/GPO-IFV7XX/4-Checkout/ReSimAutoMng/Support/VV_Engine/test_vv.txt	Support/VV_Engine/test_vv.txt	82	1756176352
/mnt/usmidet/projects/GPO-IFV7XX/4-Checkout/ReSimAutoMng/new_24aug/Shell/rResimVV_main.sh	new_24aug/Shell/rResimVV_main.sh	3273	1784465610
/mnt/usmidet/projects/GPO-IFV7XX/4-Checkout/ReSimAutoMng/new_24aug/Shell/rResim_main.sh	new_24aug/Shell/rResim_main.sh	7464	1786701190
/mnt/usmidet/projects/GPO-IFV7XX/4-Checkout/ReSimAutoMng/new_24aug/Shell/rResim_main_highPrio.sh	new_24aug/Shell/rResim_main_highPrio.sh	7472	1786701173
/mnt/usmidet/projects/GPO-IFV7XX/4-Checkout/ReSimAutoMng/new_24aug/Shell/splitter_highPrio.sh	new_24aug/Shell/splitter_highPrio.sh	21655	1787139684
/mnt/usmidet/projects/GPO-IFV7XX/4-Checkout/ReSimAutoMng/new_24aug/Support/PostProcessing/JB-min.py	new_24aug/Support/PostProcessing/JB-min.py	53655	1787000481
/mnt/usmidet/projects/GPO-IFV7XX/4-Checkout/ReSimAutoMng/new_24aug/Support/PostProcessing/JB_min_html.py	new_24aug/Support/PostProcessing/JB_min_html.py	5413	1786995915
/mnt/usmidet/projects/GPO-IFV7XX/4-Checkout/ReSimAutoMng/new_24aug/Support/PostProcessing/input_data.py	new_24aug/Support/PostProcessing/input_data.py	3069	1786972517
/mnt/usmidet/projects/GPO-IFV7XX/4-Checkout/ReSimAutoMng/new_24aug/Support/PostProcessing/mining_vv/VV_mining.py	new_24aug/Support/PostProcessing/mining_vv/VV_mining.py	13009	1756185178
/mnt/usmidet/projects/GPO-IFV7XX/4-Checkout/ReSimAutoMng/new_24aug/Support/PostProcessing/mining_vv/VV_staticdata.py	new_24aug/Support/PostProcessing/mining_vv/VV_staticdata.py	1936	1750852750
/mnt/usmidet/projects/GPO-IFV7XX/4-Checkout/ReSimAutoMng/new_24aug/Support/PostProcessing/pipeline_jsonCreator.py	new_24aug/Support/PostProcessing/pipeline_jsonCreator.py	22490	1786952350
/mnt/usmidet/projects/GPO-IFV7XX/4-Checkout/ReSimAutoMng/new_24aug/Support/PostProcessing/stats_mining.py	new_24aug/Support/PostProcessing/stats_mining.py	19265	1780992589
/mnt/usmidet/projects/GPO-IFV7XX/4-Checkout/ReSimAutoMng/new_24aug/Support/PostProcessing/support_files.txt	new_24aug/Support/PostProcessing/support_files.txt	2541	1784625043
/mnt/usmidet/projects/GPO-IFV7XX/4-Checkout/ReSimAutoMng/new_24aug/Support/Resim/resim_child.py	new_24aug/Support/Resim/resim_child.py	46203	1786805491
/mnt/usmidet/projects/GPO-IFV7XX/4-Checkout/ReSimAutoMng/new_24aug/Support/Resim/resim_generic.py	new_24aug/Support/Resim/resim_generic.py	12900	1786806528
/mnt/usmidet/projects/GPO-IFV7XX/4-Checkout/ReSimAutoMng/new_24aug/Support/Resim/resim_main.py	new_24aug/Support/Resim/resim_main.py	1312	1785742892
/mnt/usmidet/projects/GPO-IFV7XX/4-Checkout/ReSimAutoMng/new_24aug/Support/Resim/resim_splitter.py	new_24aug/Support/Resim/resim_splitter.py	35351	1787139787
/mnt/usmidet/projects/GPO-IFV7XX/4-Checkout/ReSimAutoMng/new_24aug/Support/Resim/resim_staticdata.py	new_24aug/Support/Resim/resim_staticdata.py	5464	1787385624
/mnt/usmidet/projects/GPO-IFV7XX/4-Checkout/ReSimAutoMng/new_24aug/Support/VV_Engine/VV_main.py	new_24aug/Support/VV_Engine/VV_main.py	8020	1772531589
/mnt/usmidet/projects/GPO-IFV7XX/4-Checkout/ReSimAutoMng/new_24aug/Support/VV_Engine/VV_mining.py	new_24aug/Support/VV_Engine/VV_mining.py	12966	1756182606
/mnt/usmidet/projects/GPO-IFV7XX/4-Checkout/ReSimAutoMng/new_24aug/Support/VV_Engine/VV_staticdata.py	new_24aug/Support/VV_Engine/VV_staticdata.py	1936	1750852750
/mnt/usmidet/projects/GPO-IFV7XX/4-Checkout/ReSimAutoMng/new_24aug/Support/VV_Engine/test_vv.txt	new_24aug/Support/VV_Engine/test_vv.txt	82	1756176352
/mnt/usmidet/projects/RADARCORE/2-Sim/all_services_7/bundle_common.sh	bundle_common.sh	5184	1789623677
/mnt/usmidet/projects/RADARCORE/2-Sim/all_services_7/hpcc_runtime_5006.env	hpcc_runtime_5006.env	856	1789624114
/mnt/usmidet/projects/RADARCORE/2-Sim/all_services_7/kpi_runtime_launcher.sh	kpi_runtime_launcher.sh	7604	1789627854
/mnt/usmidet/projects/RADARCORE/2-Sim/all_services_7/rResim_Gen7.sh	rResim_Gen7.sh	2089	1789629310
/mnt/usmidet/projects/RADARCORE/2-Sim/all_services_7/run_hpcc.sh	run_hpcc.sh	23846	1789629313
